{"estimated_total_FLOPs":373036032,"_timestamp":1.744811057508061e+09,"_wandb":{"runtime":8},"_runtime":7.008714868,"_step":0,"total_trainable_params":3717322}